customer_id,name,age,gender,city,loyalty_member
CUST_1,Tammy Lee,34,Female,Lucknow,Yes
CUST_2,Jeffrey Eaton,47,Female,Hyderabad,Yes
CUST_3,Alice Velazquez,58,Female,Chennai,No
CUST_4,James Hines Jr.,48,Female,Hyderabad,Yes
CUST_5,Jeanne Freeman,20,Male,Chennai,No
CUST_6,Anthony Savage,70,Female,Mumbai,No
CUST_7,Lori Steele,33,Other,Delhi,No
CUST_8,Richard Taylor,23,Other,Lucknow,Yes
CUST_9,Dr. Angela Russo,25,Male,Bangalore,Yes
CUST_10,Mrs. Samantha Carr,66,Male,Pune,No
CUST_11,Frederick Moore,29,Other,Delhi,No
CUST_12,Steve Cruz,57,Other,Chennai,Yes
CUST_13,Michelle Stephens,45,Male,Pune,No
CUST_14,Megan Bonilla,60,Female,Chennai,No
CUST_15,Brittney Becker,22,Male,Ahmedabad,Yes
CUST_16,Cynthia Martin,40,Male,Ahmedabad,No
CUST_17,Kathryn Mcdonald,44,Female,Bangalore,Yes
CUST_18,Thomas Sosa,52,Male,Delhi,Yes
CUST_19,Allison Murphy,18,Other,Mumbai,Yes
CUST_20,Kimberly Hayes,65,Female,Delhi,Yes
CUST_21,Christopher Watson,29,Male,Kolkata,Yes
CUST_22,Laura Ritter,54,Male,Mumbai,No
CUST_23,Gregory Lewis,36,Male,Pune,No
CUST_24,Dylan Jimenez,63,Other,Chennai,Yes
CUST_25,Jennifer Bishop,20,Other,Pune,Yes
CUST_26,Derek Pearson,69,Female,Bangalore,Yes
CUST_27,Patrick Richards,24,Female,Ahmedabad,Yes
CUST_28,Debbie Villanueva,31,Male,Chennai,No
CUST_29,William Johnson,65,Female,Chennai,No
CUST_30,William Bailey,25,Male,Pune,Yes
CUST_31,Charles Johnson,68,Female,Mumbai,No
CUST_32,Diana Maddox,47,Other,Hyderabad,No
CUST_33,Victoria Perez,47,Other,Jaipur,Yes
CUST_34,Jay Anderson,22,Female,Delhi,Yes
CUST_35,Hayley Fitzgerald,20,Male,Ahmedabad,Yes
CUST_36,Gregory Black,69,Other,Mumbai,No
CUST_37,Michelle Barr,48,Other,Jaipur,Yes
CUST_38,Michael Lin,64,Male,Delhi,No
CUST_39,Dustin Murphy,21,Other,Kolkata,No
CUST_40,Alicia Allen,35,Female,Pune,No
CUST_41,Heidi Pitts,52,Other,Kolkata,No
CUST_42,Bradley Grimes,66,Female,Ahmedabad,Yes
CUST_43,Joyce Washington,32,Other,Hyderabad,No
CUST_44,Kaitlin Mitchell,58,Female,Kolkata,No
CUST_45,Amy Hall,67,Female,Lucknow,Yes
CUST_46,John Rojas,19,Other,Lucknow,Yes
CUST_47,Shawn Soto,65,Female,Jaipur,No
CUST_48,Jimmy Cooper,52,Other,Pune,No
CUST_49,Tanya Keller,28,Male,Mumbai,Yes
CUST_50,Sara Brown,36,Female,Hyderabad,Yes
CUST_51,Patricia Miller,34,Male,Mumbai,No
CUST_52,Amy Martin,57,Other,Bangalore,Yes
CUST_53,Courtney Williams,68,Female,Mumbai,Yes
CUST_54,Kerry Bailey,19,Male,Pune,No
CUST_55,Debbie Bartlett MD,40,Female,Chennai,No
CUST_56,Heidi Evans,40,Male,Lucknow,No
CUST_57,Melanie Gentry,69,Female,Delhi,No
CUST_58,Edward Gomez,31,Other,Bangalore,No
CUST_59,Ian Bell,23,Male,Ahmedabad,Yes
CUST_60,Joshua Franco,70,Other,Hyderabad,Yes
CUST_61,Paula Green,30,Female,Jaipur,Yes
CUST_62,Nathan Ware,23,Female,Bangalore,No
CUST_63,Kendra Miller,32,Other,Hyderabad,Yes
CUST_64,Rhonda Orozco,52,Male,Chennai,Yes
CUST_65,Amanda Davis,52,Other,Jaipur,No
CUST_66,Christopher Vargas,62,Male,Delhi,Yes
CUST_67,Joanna Woods,67,Female,Jaipur,Yes
CUST_68,Jeffrey Johnson,37,Female,Hyderabad,Yes
CUST_69,Jason Ferguson,43,Female,Ahmedabad,No
CUST_70,Bonnie Sanders,26,Male,Delhi,Yes
CUST_71,Kimberly Stark,46,Male,Pune,Yes
CUST_72,Lisa Ayala,18,Other,Jaipur,Yes
CUST_73,Amanda Burton,60,Female,Pune,No
CUST_74,Diane Burns,32,Female,Bangalore,Yes
CUST_75,Jerry Dickerson,39,Male,Pune,No
CUST_76,Alexandra Smith,30,Other,Ahmedabad,Yes
CUST_77,Terrence Miller,22,Male,Ahmedabad,Yes
CUST_78,Katrina Cole,43,Other,Pune,No
CUST_79,Donald Willis,35,Female,Chennai,Yes
CUST_80,Gabriela Rodriguez,36,Female,Hyderabad,No
CUST_81,Andrew Harding,56,Female,Pune,No
CUST_82,Cynthia Castillo,30,Other,Ahmedabad,No
CUST_83,Kyle Werner,29,Female,Bangalore,No
CUST_84,Christopher Vaughn,47,Female,Pune,No
CUST_85,Matthew Murray,63,Female,Hyderabad,No
CUST_86,Lindsey Duffy,23,Female,Pune,Yes
CUST_87,David Keith,32,Other,Bangalore,Yes
CUST_88,Samantha Garcia,60,Female,Mumbai,Yes
CUST_89,Lindsay Bailey MD,34,Other,Mumbai,No
CUST_90,Russell Turner,63,Other,Mumbai,No
CUST_91,Rhonda Bennett,68,Other,Delhi,No
CUST_92,Robert Moore,59,Male,Lucknow,No
CUST_93,Breanna Reed,64,Other,Hyderabad,Yes
CUST_94,Tammy Bell,32,Male,Chennai,No
CUST_95,Nancy Gonzalez,49,Male,Kolkata,No
CUST_96,Dennis Fitzgerald,22,Other,Delhi,No
CUST_97,Robyn Thompson,58,Other,Lucknow,No
CUST_98,Bruce Dorsey,61,Other,Hyderabad,Yes
CUST_99,Christina Schroeder,69,Other,Chennai,Yes
CUST_100,Tyler Brown,43,Male,Lucknow,Yes
CUST_101,James Thompson,45,Male,Jaipur,Yes
CUST_102,Richard Cruz,38,Other,Pune,No
CUST_103,Christopher Rogers,21,Other,Hyderabad,Yes
CUST_104,Ryan Harrison,54,Other,Mumbai,No
CUST_105,Michael Barrett,23,Other,Jaipur,Yes
CUST_106,David Davis,34,Male,Chennai,Yes
CUST_107,Christine Martin,44,Male,Kolkata,No
CUST_108,Lauren Pena,51,Male,Jaipur,No
CUST_109,Suzanne Lane,46,Other,Hyderabad,No
CUST_110,Tracy Brown,49,Male,Chennai,No
CUST_111,Debra Cole,24,Other,Pune,No
CUST_112,Sandra Little,42,Male,Delhi,No
CUST_113,Jacqueline Scott,65,Female,Hyderabad,Yes
CUST_114,Craig Martin,57,Female,Chennai,No
CUST_115,Charles Turner,37,Male,Lucknow,Yes
CUST_116,Deanna Michael,26,Female,Jaipur,Yes
CUST_117,Jason Perez,64,Female,Jaipur,No
CUST_118,Michael Simmons,19,Other,Bangalore,No
CUST_119,Kimberly Hanson,24,Female,Bangalore,Yes
CUST_120,Danielle Sanders,53,Female,Kolkata,No
CUST_121,Corey Stevens IV,51,Male,Pune,Yes
CUST_122,Sarah Gonzales,46,Female,Hyderabad,Yes
CUST_123,Daniel Finley,24,Male,Kolkata,Yes
CUST_124,Marcus Watson,26,Other,Jaipur,No
CUST_125,Amanda Baker,43,Female,Hyderabad,No
CUST_126,Lawrence Curtis,18,Female,Delhi,No
CUST_127,Teresa Dixon,65,Female,Chennai,No
CUST_128,Patricia Cole,45,Female,Bangalore,Yes
CUST_129,Deborah Coleman,37,Female,Lucknow,No
CUST_130,Cory Nelson,51,Female,Delhi,No
CUST_131,Jessica Sherman,55,Male,Delhi,No
CUST_132,Yolanda Trevino,41,Male,Ahmedabad,Yes
CUST_133,Thomas Murphy,33,Female,Bangalore,No
CUST_134,Gabrielle Hicks,38,Female,Ahmedabad,Yes
CUST_135,Robert Weaver,63,Other,Kolkata,Yes
CUST_136,Alexis Jones,58,Male,Kolkata,No
CUST_137,David Boone,34,Other,Kolkata,Yes
CUST_138,Judith Lee,49,Female,Pune,No
CUST_139,Theodore Robinson,52,Female,Jaipur,No
CUST_140,Edward Owens,25,Male,Jaipur,Yes
CUST_141,Ryan Perez,25,Male,Ahmedabad,No
CUST_142,David Cook,20,Female,Jaipur,Yes
CUST_143,Timothy Ramos,30,Female,Lucknow,No
CUST_144,Amy Oliver,52,Male,Bangalore,No
CUST_145,Nicholas Harmon,41,Male,Chennai,Yes
CUST_146,Sharon Brewer,42,Male,Hyderabad,No
CUST_147,Mariah Oneal,69,Male,Chennai,Yes
CUST_148,Melissa White,49,Female,Kolkata,No
CUST_149,James Kennedy,44,Male,Chennai,Yes
CUST_150,Joel Marks,24,Other,Lucknow,Yes
CUST_151,Megan Moore,20,Other,Delhi,No
CUST_152,Rachel Lane,61,Female,Hyderabad,Yes
CUST_153,Justin Montes,58,Male,Lucknow,Yes
CUST_154,Toni Wells,69,Female,Jaipur,No
CUST_155,Joshua Barker,36,Other,Mumbai,Yes
CUST_156,Jessica Herrera,26,Female,Ahmedabad,Yes
CUST_157,Gregory Johnson,26,Female,Ahmedabad,Yes
CUST_158,Richard Morgan,38,Female,Jaipur,No
CUST_159,Reginald Green,30,Other,Mumbai,Yes
CUST_160,Terri Finley,61,Female,Chennai,No
CUST_161,Kara Myers,49,Other,Chennai,Yes
CUST_162,Phillip Salazar,51,Male,Hyderabad,Yes
CUST_163,Walter Webb,68,Other,Lucknow,Yes
CUST_164,Cynthia Bailey,28,Other,Mumbai,No
CUST_165,Samantha Daugherty,34,Male,Lucknow,No
CUST_166,Jeremy Bell,38,Other,Chennai,Yes
CUST_167,Kimberly Rowe,27,Other,Lucknow,Yes
CUST_168,Bryan Williams,47,Female,Chennai,No
CUST_169,Brooke Vasquez,26,Female,Kolkata,No
CUST_170,Kylie Decker,26,Other,Mumbai,Yes
CUST_171,Aaron Roth,33,Other,Pune,No
CUST_172,Jason Bentley,44,Male,Pune,Yes
CUST_173,Harry Graham,18,Other,Mumbai,No
CUST_174,Erin Blackburn,55,Other,Mumbai,Yes
CUST_175,Amanda Jones,51,Other,Jaipur,Yes
CUST_176,Elizabeth Smith,18,Other,Hyderabad,Yes
CUST_177,Suzanne Jordan,18,Female,Hyderabad,No
CUST_178,Brandon Rodriguez,52,Male,Jaipur,No
CUST_179,Erin Grant,51,Other,Ahmedabad,Yes
CUST_180,Elizabeth Haynes,68,Other,Bangalore,Yes
CUST_181,Michael White,66,Male,Mumbai,No
CUST_182,Melissa Bryant,22,Male,Jaipur,Yes
CUST_183,Eric Gonzalez,66,Female,Lucknow,Yes
CUST_184,Rebekah Wright,28,Male,Lucknow,No
CUST_185,Haley Lara,42,Other,Pune,Yes
CUST_186,Kathryn Watson,25,Female,Chennai,Yes
CUST_187,William Carey,40,Other,Delhi,Yes
CUST_188,Teresa Rodriguez,46,Male,Bangalore,No
CUST_189,Jason Gregory,64,Male,Lucknow,Yes
CUST_190,Kimberly Ramirez,70,Other,Lucknow,No
CUST_191,Amanda Reynolds,70,Male,Jaipur,No
CUST_192,Joshua Rollins,31,Female,Jaipur,Yes
CUST_193,Antonio Campbell,37,Other,Bangalore,No
CUST_194,Lauren Reyes,30,Other,Lucknow,No
CUST_195,Jeffrey Wright,59,Other,Chennai,No
CUST_196,David Hall,40,Other,Delhi,Yes
CUST_197,Mary Sanchez,57,Male,Hyderabad,Yes
CUST_198,Christina Hansen,41,Female,Jaipur,No
CUST_199,Kevin Hill,47,Male,Jaipur,Yes
CUST_200,Corey Dunn,34,Female,Hyderabad,Yes
CUST_201,Cory Gibson,45,Male,Lucknow,Yes
CUST_202,Roger Weiss,40,Female,Jaipur,No
CUST_203,Peter Harris,41,Male,Mumbai,Yes
CUST_204,Dr. Kyle Smith,55,Female,Delhi,No
CUST_205,David Matthews,64,Other,Lucknow,Yes
CUST_206,Scott Johnson,68,Other,Lucknow,No
CUST_207,Joseph Smith,22,Female,Ahmedabad,No
CUST_208,Amber Sanchez,58,Other,Bangalore,Yes
CUST_209,Andrew Gonzales,29,Female,Lucknow,Yes
CUST_210,Amy Johnson,35,Female,Chennai,Yes
CUST_211,Courtney Cantu,69,Male,Jaipur,Yes
CUST_212,Tracy Tucker,48,Other,Bangalore,No
CUST_213,Kristen Stewart,39,Other,Chennai,No
CUST_214,Kristen Lopez,35,Other,Chennai,Yes
CUST_215,Cody Walton,20,Other,Bangalore,No
CUST_216,Ralph Griffith,29,Other,Jaipur,No
CUST_217,Ashley Leach,40,Other,Jaipur,Yes
CUST_218,Steven Melendez,49,Other,Bangalore,Yes
CUST_219,Kayla Smith,21,Other,Mumbai,No
CUST_220,Joshua Perkins,47,Male,Delhi,No
CUST_221,Kayla Carpenter,36,Male,Kolkata,No
CUST_222,Casey Conner,38,Other,Bangalore,Yes
CUST_223,Juan Day,39,Female,Kolkata,No
CUST_224,Paul Davidson,50,Male,Jaipur,No
CUST_225,Frank Johnson,45,Other,Mumbai,Yes
CUST_226,Thomas Barnes,24,Female,Jaipur,Yes
CUST_227,Megan Brown,26,Male,Pune,Yes
CUST_228,Michael Jenkins,35,Other,Bangalore,No
CUST_229,Ricardo Brown,57,Other,Chennai,No
CUST_230,Thomas Walker,61,Male,Mumbai,Yes
CUST_231,Brittany Day,40,Male,Lucknow,Yes
CUST_232,Scott Harrington,43,Other,Ahmedabad,Yes
CUST_233,Amanda Miranda,37,Other,Chennai,No
CUST_234,Carolyn Obrien,21,Other,Kolkata,No
CUST_235,Gabriel Sharp,62,Female,Bangalore,No
CUST_236,Rebecca Bird,52,Female,Ahmedabad,No
CUST_237,Amy Jackson,47,Female,Hyderabad,Yes
CUST_238,Deborah Lewis,61,Other,Hyderabad,No
CUST_239,Ryan Snyder,46,Male,Jaipur,Yes
CUST_240,Patricia Moore,57,Male,Mumbai,Yes
CUST_241,Fernando Gibson,63,Other,Pune,Yes
CUST_242,James Ramirez,35,Other,Ahmedabad,No
CUST_243,Kevin Johnson,58,Other,Delhi,Yes
CUST_244,Keith Pierce,70,Female,Bangalore,Yes
CUST_245,Wesley Long,61,Male,Bangalore,Yes
CUST_246,Calvin Arnold,18,Female,Lucknow,No
CUST_247,Paul Martin,40,Female,Hyderabad,Yes
CUST_248,Johnathan Stevens,67,Female,Jaipur,Yes
CUST_249,Alyssa Gibbs,50,Female,Pune,No
CUST_250,Jane Ortiz,46,Female,Kolkata,No
CUST_251,Valerie Palmer,26,Female,Jaipur,No
CUST_252,Christopher Flores,53,Female,Pune,No
CUST_253,Carrie Garcia,19,Other,Pune,No
CUST_254,Susan Bradley,35,Other,Ahmedabad,Yes
CUST_255,Robert Wilson,60,Female,Chennai,No
CUST_256,Anthony Carr,25,Male,Mumbai,Yes
CUST_257,Brett Smith,21,Male,Kolkata,No
CUST_258,Karen Ramsey,34,Female,Chennai,No
CUST_259,Mary Alvarado,33,Male,Chennai,No
CUST_260,Angela Doyle,57,Other,Kolkata,Yes
CUST_261,Jordan Moreno,55,Female,Jaipur,No
CUST_262,Ronnie Ramirez,36,Female,Mumbai,No
CUST_263,Benjamin Olsen,70,Male,Chennai,No
CUST_264,Corey Thompson,20,Female,Pune,Yes
CUST_265,Emily Alvarez,66,Male,Ahmedabad,Yes
CUST_266,Barbara Stephens,45,Other,Kolkata,Yes
CUST_267,Robert Long,22,Other,Delhi,No
CUST_268,Daniel Brennan,59,Male,Hyderabad,No
CUST_269,Kimberly Johnston,41,Other,Lucknow,No
CUST_270,Emily Lutz,38,Other,Chennai,Yes
CUST_271,Angela Padilla,29,Other,Jaipur,Yes
CUST_272,Jeremy Curtis MD,60,Male,Hyderabad,Yes
CUST_273,Kevin Shaw,36,Male,Lucknow,No
CUST_274,Brittany Le,47,Other,Delhi,Yes
CUST_275,Paul Park,51,Male,Delhi,No
CUST_276,Susan Tate,46,Other,Ahmedabad,No
CUST_277,Joseph Hunt,70,Male,Pune,Yes
CUST_278,Robert Hansen,34,Other,Lucknow,Yes
CUST_279,Jeffery Williams,55,Other,Kolkata,Yes
CUST_280,Edward Palmer,46,Male,Chennai,Yes
CUST_281,Christopher Riddle,61,Female,Lucknow,No
CUST_282,Jennifer Combs,48,Female,Lucknow,Yes
CUST_283,Mrs. Sarah Stewart,58,Female,Ahmedabad,No
CUST_284,Erik Jones,62,Other,Jaipur,Yes
CUST_285,Samantha Hawkins,63,Other,Pune,Yes
CUST_286,Barry Gutierrez,43,Other,Delhi,No
CUST_287,David Miller,69,Female,Pune,No
CUST_288,Helen Nichols MD,64,Female,Jaipur,Yes
CUST_289,Kendra Riley,52,Female,Hyderabad,Yes
CUST_290,Danielle Gonzalez,68,Other,Pune,No
CUST_291,Sean Rice,28,Other,Delhi,No
CUST_292,Amanda Hanson,54,Other,Mumbai,Yes
CUST_293,Matthew Robinson,38,Male,Delhi,Yes
CUST_294,Jacqueline Russo,44,Male,Kolkata,No
CUST_295,David Martinez,62,Female,Chennai,Yes
CUST_296,Sean Evans,26,Other,Jaipur,No
CUST_297,Danny Mullen,39,Other,Kolkata,No
CUST_298,Mr. Jake Walker III,45,Other,Kolkata,No
CUST_299,Derek Jones,54,Male,Bangalore,No
CUST_300,Frances Williams,51,Male,Hyderabad,Yes
CUST_301,David Ellison,49,Other,Hyderabad,No
CUST_302,Amber Rodriguez,31,Male,Jaipur,Yes
CUST_303,Stephanie Reed,40,Other,Chennai,Yes
CUST_304,Todd Owen,28,Other,Hyderabad,No
CUST_305,Amanda Navarro,38,Other,Bangalore,Yes
CUST_306,Jerry Shields,29,Female,Jaipur,Yes
CUST_307,Lee Mendoza,65,Male,Chennai,No
CUST_308,Miranda Moore,38,Female,Delhi,Yes
CUST_309,Christina Stevens,67,Female,Bangalore,No
CUST_310,Misty Morales,35,Male,Kolkata,Yes
CUST_311,Andrew Nguyen,68,Female,Lucknow,Yes
CUST_312,Emily Howell,50,Female,Hyderabad,Yes
CUST_313,Stacey Lowery,49,Other,Mumbai,Yes
CUST_314,Emily Johnson,31,Male,Ahmedabad,No
CUST_315,Victoria Duarte,58,Male,Bangalore,Yes
CUST_316,Debra Elliott,20,Female,Mumbai,No
CUST_317,Amber Mendoza,42,Male,Chennai,No
CUST_318,Elizabeth Cummings,31,Male,Chennai,No
CUST_319,Lauren Leonard,18,Male,Pune,Yes
CUST_320,Michelle Bowen,33,Other,Kolkata,No
CUST_321,Jennifer Stafford,35,Male,Pune,Yes
CUST_322,Benjamin Palmer,55,Other,Ahmedabad,Yes
CUST_323,Charles Fernandez,69,Male,Kolkata,Yes
CUST_324,William Wilson,24,Female,Delhi,No
CUST_325,Allison Barajas,61,Other,Hyderabad,No
CUST_326,Lee Gonzalez,24,Female,Bangalore,Yes
CUST_327,Kimberly Moore,60,Female,Jaipur,No
CUST_328,Mark Bennett,20,Female,Chennai,No
CUST_329,Karla Hughes,28,Female,Mumbai,Yes
CUST_330,Carrie Terry,70,Other,Hyderabad,No
CUST_331,Adam Wong,36,Other,Ahmedabad,Yes
CUST_332,Angela Harvey,28,Female,Mumbai,No
CUST_333,Jackson Fischer,64,Female,Hyderabad,Yes
CUST_334,Amanda Gonzalez,66,Female,Delhi,Yes
CUST_335,David Boyd,32,Other,Mumbai,Yes
CUST_336,James Murphy,35,Female,Jaipur,Yes
CUST_337,Eddie Andrews,48,Female,Bangalore,Yes
CUST_338,Andrea Gonzalez,35,Male,Jaipur,No
CUST_339,Casey Conner,20,Female,Pune,Yes
CUST_340,Bruce Collins,32,Female,Kolkata,No
CUST_341,Melanie Tran,43,Male,Jaipur,No
CUST_342,Deborah Reed MD,55,Other,Delhi,Yes
CUST_343,Julie Henry,53,Female,Hyderabad,No
CUST_344,Joanne Martin,37,Other,Pune,Yes
CUST_345,Leonard Horne,20,Female,Kolkata,No
CUST_346,Jessica Ryan,63,Male,Hyderabad,Yes
CUST_347,Malik Olson,47,Other,Bangalore,No
CUST_348,Richard Owen,58,Female,Mumbai,No
CUST_349,Sabrina Schaefer,18,Female,Chennai,No
CUST_350,Linda Watkins,41,Male,Delhi,No
CUST_351,Jessica Boyd,69,Female,Mumbai,No
CUST_352,Bruce Mccarty,44,Other,Pune,No
CUST_353,Betty Clarke,68,Female,Jaipur,Yes
CUST_354,Vickie Farley,59,Female,Kolkata,No
CUST_355,Dr. Angela Mcgee,55,Female,Bangalore,Yes
CUST_356,Andrew Martin,30,Male,Chennai,Yes
CUST_357,Heather Schroeder,20,Female,Hyderabad,Yes
CUST_358,Robert Gonzalez,21,Female,Hyderabad,Yes
CUST_359,Jeffrey White,54,Male,Mumbai,No
CUST_360,Elizabeth Flowers,54,Female,Delhi,Yes
CUST_361,Katherine Bell,42,Male,Kolkata,Yes
CUST_362,Margaret Aguilar,66,Other,Delhi,No
CUST_363,Christopher Kaiser,63,Male,Mumbai,Yes
CUST_364,Zachary Villarreal,53,Female,Delhi,Yes
CUST_365,Larry Schaefer,70,Male,Hyderabad,Yes
CUST_366,Jimmy Moore,53,Female,Delhi,No
CUST_367,Christopher Harrell,18,Other,Bangalore,No
CUST_368,Mr. Dustin Thompson,39,Female,Bangalore,Yes
CUST_369,John Hurst,34,Other,Lucknow,Yes
CUST_370,Pamela Fletcher,28,Female,Hyderabad,Yes
CUST_371,Anna Martinez,27,Male,Bangalore,Yes
CUST_372,Robert Ward,18,Male,Delhi,Yes
CUST_373,Laura James,26,Female,Jaipur,Yes
CUST_374,Stacey Sanchez,52,Other,Bangalore,No
CUST_375,Timothy Rose,60,Male,Kolkata,Yes
CUST_376,Courtney Smith,59,Other,Ahmedabad,Yes
CUST_377,Dominique Brock,63,Male,Kolkata,Yes
CUST_378,Manuel Hill,66,Male,Lucknow,No
CUST_379,Daniel Williams,42,Male,Ahmedabad,No
CUST_380,Mr. Michael Brewer,29,Other,Chennai,No
CUST_381,Brandy Murray,44,Other,Ahmedabad,No
CUST_382,Carol Mora,36,Male,Jaipur,No
CUST_383,Sarah Smith,47,Other,Kolkata,Yes
CUST_384,Curtis Deleon,42,Male,Chennai,Yes
CUST_385,Jessica Conley,53,Male,Mumbai,No
CUST_386,Rebecca Jenkins,20,Other,Mumbai,No
CUST_387,Kathy Schultz,33,Male,Pune,Yes
CUST_388,Jeffrey Rivera,26,Female,Hyderabad,Yes
CUST_389,Brianna Griffin,64,Female,Pune,No
CUST_390,Michelle Fields,64,Male,Pune,Yes
CUST_391,Nicole Douglas DDS,49,Other,Hyderabad,No
CUST_392,Miguel Lopez,29,Other,Bangalore,No
CUST_393,Amanda Savage,38,Other,Jaipur,No
CUST_394,Cory Ferguson,63,Female,Ahmedabad,Yes
CUST_395,William Delacruz,52,Other,Bangalore,No
CUST_396,Diane Sanchez,30,Other,Bangalore,Yes
CUST_397,Michael Cooper,35,Female,Bangalore,Yes
CUST_398,Justin Davis,28,Male,Bangalore,Yes
CUST_399,Monique Skinner MD,30,Other,Delhi,Yes
CUST_400,Charles Mason,50,Female,Bangalore,Yes
CUST_401,Mary Heath,31,Female,Lucknow,Yes
CUST_402,Gary Moore,42,Male,Ahmedabad,Yes
CUST_403,Tony White,67,Other,Chennai,Yes
CUST_404,David Russo,64,Other,Delhi,No
CUST_405,John Thomas,37,Male,Bangalore,No
CUST_406,Anthony Miller,39,Male,Bangalore,Yes
CUST_407,Kelly Hammond,34,Female,Pune,No
CUST_408,Jill Griffin,61,Male,Jaipur,Yes
CUST_409,Danielle Simmons,54,Other,Hyderabad,No
CUST_410,Brian Frazier,20,Female,Pune,Yes
CUST_411,Paul Reyes,62,Other,Hyderabad,Yes
CUST_412,Kevin Blanchard DDS,59,Female,Chennai,Yes
CUST_413,Andrew Taylor,40,Male,Kolkata,Yes
CUST_414,Tiffany Rogers,31,Other,Jaipur,No
CUST_415,Jennifer Poole,50,Other,Lucknow,No
CUST_416,Samantha Wu,68,Other,Delhi,Yes
CUST_417,Zachary Fox,39,Male,Mumbai,No
CUST_418,Andrew Hughes,39,Other,Ahmedabad,No
CUST_419,Richard Mcclain,54,Female,Mumbai,Yes
CUST_420,Paul Tran,40,Female,Bangalore,Yes
CUST_421,Katie Booth,29,Other,Hyderabad,Yes
CUST_422,David Merritt,18,Female,Mumbai,No
CUST_423,Alexander Diaz,22,Other,Pune,No
CUST_424,Julia Wilson,50,Female,Pune,No
CUST_425,Susan Armstrong,36,Female,Kolkata,Yes
CUST_426,Tiffany Harris,65,Other,Delhi,No
CUST_427,Cassandra Ballard,53,Male,Kolkata,No
CUST_428,Kimberly Wilson,41,Male,Jaipur,No
CUST_429,Melissa Beard,54,Male,Bangalore,No
CUST_430,Erik Johnson,60,Male,Bangalore,No
CUST_431,David Brown,70,Male,Kolkata,No
CUST_432,Ernest Mckenzie,58,Male,Delhi,Yes
CUST_433,Tyler Lawson,66,Female,Kolkata,No
CUST_434,Alyssa Mendez,29,Other,Chennai,Yes
CUST_435,Nancy Williamson,27,Female,Pune,No
CUST_436,Cynthia Evans,44,Other,Jaipur,Yes
CUST_437,Amanda Meyer,68,Other,Lucknow,No
CUST_438,Andrea Luna,21,Other,Kolkata,No
CUST_439,Travis Williams,37,Female,Mumbai,Yes
CUST_440,Lori Alvarado,30,Female,Chennai,Yes
CUST_441,Timothy Hernandez,36,Female,Hyderabad,Yes
CUST_442,Rebecca Armstrong,19,Female,Kolkata,No
CUST_443,Yolanda Chapman,64,Other,Hyderabad,Yes
CUST_444,Amy Hansen,44,Other,Delhi,No
CUST_445,Dawn Smith,32,Female,Mumbai,Yes
CUST_446,Mary Strong,48,Male,Kolkata,Yes
CUST_447,Anne Washington,63,Female,Hyderabad,Yes
CUST_448,Pamela Flynn,20,Other,Delhi,No
CUST_449,Leslie Green,61,Female,Jaipur,Yes
CUST_450,Alexander Cline,59,Male,Lucknow,No
CUST_451,Elizabeth Parker,33,Other,Delhi,Yes
CUST_452,Crystal Barker,28,Female,Bangalore,No
CUST_453,Stacy Johnson,35,Other,Ahmedabad,No
CUST_454,Brenda Barron,46,Other,Ahmedabad,Yes
CUST_455,Mr. Chad Cochran MD,45,Female,Pune,No
CUST_456,Mackenzie Patel,36,Male,Jaipur,No
CUST_457,Richard Jones,58,Male,Mumbai,No
CUST_458,Michael Wright,60,Other,Mumbai,No
CUST_459,Christopher Levy,51,Male,Mumbai,Yes
CUST_460,Kevin Mendez,64,Male,Delhi,Yes
CUST_461,Austin Navarro,36,Female,Jaipur,Yes
CUST_462,Jason Simpson,41,Female,Lucknow,No
CUST_463,Robert Richardson,26,Male,Delhi,No
CUST_464,Heidi Cruz,37,Other,Lucknow,Yes
CUST_465,Samuel Melendez,19,Female,Chennai,Yes
CUST_466,Kara Cisneros,70,Male,Mumbai,No
CUST_467,Leah Jones,28,Other,Hyderabad,Yes
CUST_468,Troy Sanders,64,Female,Lucknow,Yes
CUST_469,Benjamin Sanchez PhD,19,Female,Lucknow,Yes
CUST_470,Katie Gray,19,Other,Pune,No
CUST_471,Ashley Rodriguez,21,Female,Delhi,Yes
CUST_472,Anthony Davis,22,Male,Ahmedabad,Yes
CUST_473,Roberta Silva,60,Female,Hyderabad,Yes
CUST_474,Charles Peters,19,Female,Kolkata,Yes
CUST_475,Charles Carey,31,Male,Kolkata,No
CUST_476,Anthony Hicks,53,Female,Mumbai,No
CUST_477,Dennis Roy,44,Male,Pune,No
CUST_478,Dennis Gibson,69,Female,Delhi,No
CUST_479,Patricia Mcdonald,25,Female,Jaipur,Yes
CUST_480,Ronnie Lopez,40,Male,Kolkata,No
CUST_481,Tyler Smith,19,Other,Kolkata,Yes
CUST_482,Daniel Gomez,35,Other,Bangalore,No
CUST_483,David Clay,48,Male,Bangalore,Yes
CUST_484,Jennifer Griffin,39,Male,Jaipur,No
CUST_485,James Johnson,25,Male,Kolkata,Yes
CUST_486,Katelyn Martin,25,Male,Pune,Yes
CUST_487,Michael Rose,64,Female,Delhi,No
CUST_488,Tricia Jensen,31,Female,Lucknow,Yes
CUST_489,Lindsey Miller,34,Male,Mumbai,No
CUST_490,Aaron Miranda,24,Other,Pune,No
CUST_491,Diana Patrick,18,Other,Chennai,No
CUST_492,Sharon Martin,29,Female,Kolkata,Yes
CUST_493,Kurt Barnes,25,Other,Mumbai,No
CUST_494,Stefanie Jones,30,Female,Delhi,Yes
CUST_495,Michael Peterson,27,Male,Ahmedabad,Yes
CUST_496,Craig Gomez,38,Other,Mumbai,No
CUST_497,Shane Taylor,38,Other,Bangalore,No
CUST_498,Donald Jensen,19,Other,Jaipur,No
CUST_499,Stacy Santos,64,Male,Lucknow,No
CUST_500,Antonio Morrow,61,Other,Bangalore,No
CUST_501,William Moore,67,Male,Hyderabad,No
CUST_502,Carl Bates,20,Male,Mumbai,Yes
CUST_503,James George,68,Male,Lucknow,Yes
CUST_504,Julie Peck,67,Other,Chennai,Yes
CUST_505,Nicole Chavez,19,Other,Lucknow,Yes
CUST_506,Leah Williams,28,Other,Lucknow,No
CUST_507,George Vaughan Jr.,63,Male,Lucknow,Yes
CUST_508,Susan Noble,60,Other,Bangalore,No
CUST_509,Olivia Nelson,37,Other,Delhi,No
CUST_510,Sheila Rose,63,Other,Chennai,Yes
CUST_511,Robert Bates,69,Female,Chennai,Yes
CUST_512,Sarah Carr,37,Other,Kolkata,Yes
CUST_513,Tammie Nguyen,27,Female,Pune,No
CUST_514,Amy Woodward,59,Male,Ahmedabad,Yes
CUST_515,Daniel Ali,52,Other,Pune,No
CUST_516,Troy Martin,45,Female,Jaipur,Yes
CUST_517,Christian Myers Jr.,23,Male,Kolkata,Yes
CUST_518,Gary Hawkins,67,Male,Lucknow,Yes
CUST_519,Michael Foster PhD,62,Female,Bangalore,No
CUST_520,Jennifer Ortega,30,Male,Pune,No
CUST_521,Angel Rhodes,48,Female,Lucknow,Yes
CUST_522,Carol Smith,60,Female,Ahmedabad,No
CUST_523,Antonio Mills,50,Male,Mumbai,No
CUST_524,Joshua Gomez,18,Other,Bangalore,No
CUST_525,Mitchell Lopez,21,Other,Lucknow,Yes
CUST_526,Jason Douglas,58,Female,Delhi,Yes
CUST_527,Janet Brooks,30,Other,Delhi,No
CUST_528,Deanna Noble,47,Other,Bangalore,Yes
CUST_529,Rodney Bennett,53,Male,Hyderabad,No
CUST_530,Jamie Johnson,42,Male,Pune,Yes
CUST_531,Tonya Gibson,19,Male,Ahmedabad,Yes
CUST_532,Heather Davis,55,Female,Delhi,Yes
CUST_533,Melanie Coleman,42,Other,Pune,Yes
CUST_534,Katherine Shah,61,Other,Pune,No
CUST_535,Tricia Hardy,67,Male,Delhi,Yes
CUST_536,Mary Gonzalez,53,Female,Mumbai,Yes
CUST_537,Amber Powell,57,Male,Lucknow,Yes
CUST_538,Kim Kemp,60,Other,Ahmedabad,No
CUST_539,Andrew Martinez,48,Male,Pune,Yes
CUST_540,Stephanie Erickson,67,Other,Pune,Yes
CUST_541,Leslie Monroe,69,Male,Hyderabad,No
CUST_542,Gregory Harvey,20,Female,Pune,No
CUST_543,Steven Webster,59,Female,Pune,Yes
CUST_544,Mr. Jonathan Carrillo,68,Other,Kolkata,No
CUST_545,Jose Potts,19,Other,Mumbai,Yes
CUST_546,Christian Hall,39,Male,Lucknow,Yes
CUST_547,Emily Atkins,53,Male,Mumbai,No
CUST_548,Paul Martin,58,Other,Bangalore,No
CUST_549,Monique Wood DDS,21,Other,Lucknow,Yes
CUST_550,Mary Petty,40,Female,Pune,No
CUST_551,Ann Guzman,37,Male,Lucknow,No
CUST_552,Kaitlyn Thomas,67,Male,Bangalore,No
CUST_553,Jonathan Harris,31,Female,Delhi,No
CUST_554,Terry Davis,21,Female,Mumbai,Yes
CUST_555,Mark Weiss,56,Other,Lucknow,Yes
CUST_556,Curtis Meyer,46,Female,Delhi,Yes
CUST_557,Jamie Brown,66,Other,Jaipur,Yes
CUST_558,Rachel Woods,65,Female,Lucknow,Yes
CUST_559,Kelsey Riddle,44,Female,Jaipur,No
CUST_560,Kenneth Bryant,57,Male,Hyderabad,Yes
CUST_561,Joshua Hoffman,23,Female,Ahmedabad,No
CUST_562,Sherri Parker,54,Other,Delhi,Yes
CUST_563,Mark Nelson,67,Female,Pune,No
CUST_564,Robert Brock,39,Female,Mumbai,Yes
CUST_565,Steven Vaughan,35,Male,Ahmedabad,No
CUST_566,Brian Dalton,59,Male,Delhi,No
CUST_567,Patricia Burch,70,Female,Kolkata,Yes
CUST_568,Amber Brown,29,Other,Kolkata,Yes
CUST_569,Matthew Wright,63,Other,Hyderabad,No
CUST_570,Mary Cox,20,Male,Lucknow,Yes
CUST_571,Ronnie Harris,31,Female,Ahmedabad,No
CUST_572,William Kelley,53,Female,Ahmedabad,No
CUST_573,Victor Baldwin,43,Female,Kolkata,Yes
CUST_574,Andre Jones,67,Female,Delhi,No
CUST_575,David Sanchez,33,Female,Ahmedabad,No
CUST_576,Kathleen Sullivan,30,Other,Bangalore,No
CUST_577,Kevin Hawkins,18,Other,Delhi,Yes
CUST_578,Allison Mccoy,21,Female,Jaipur,Yes
CUST_579,Michael Benson,66,Other,Mumbai,Yes
CUST_580,Madison Reeves,49,Other,Delhi,Yes
CUST_581,Terri Nguyen,25,Male,Hyderabad,Yes
CUST_582,Thomas Flores,69,Male,Jaipur,Yes
CUST_583,Albert Jackson,33,Female,Delhi,No
CUST_584,Ashley Snyder,18,Other,Lucknow,Yes
CUST_585,Joseph Jones,54,Female,Kolkata,No
CUST_586,Melinda Henry,63,Other,Jaipur,No
CUST_587,Joseph Brown,25,Female,Pune,Yes
CUST_588,David Davis,54,Male,Ahmedabad,No
CUST_589,Donna Berg,34,Female,Chennai,Yes
CUST_590,Michael Decker,35,Male,Lucknow,No
CUST_591,Tracey Barajas,65,Other,Pune,Yes
CUST_592,Jennifer Simpson,45,Other,Bangalore,Yes
CUST_593,Maria Norris,62,Male,Ahmedabad,No
CUST_594,Kathleen Jacobs,26,Female,Delhi,Yes
CUST_595,Joseph Massey,39,Female,Mumbai,Yes
CUST_596,Travis Hunter PhD,64,Female,Mumbai,Yes
CUST_597,Heather Haynes,51,Other,Chennai,No
CUST_598,Paul Ortiz,40,Other,Kolkata,Yes
CUST_599,Cheyenne Thompson,23,Other,Jaipur,No
CUST_600,Cameron Alvarado,42,Other,Jaipur,No
CUST_601,Crystal Davis,34,Other,Lucknow,Yes
CUST_602,Katherine Hernandez,30,Other,Lucknow,No
CUST_603,Andres Nelson,35,Female,Hyderabad,Yes
CUST_604,Jasmine Riley,52,Male,Bangalore,Yes
CUST_605,Perry Edwards,52,Female,Jaipur,No
CUST_606,Linda Rivera,44,Male,Chennai,No
CUST_607,Mark Parks,34,Male,Hyderabad,No
CUST_608,Mackenzie Mccarthy,32,Female,Mumbai,Yes
CUST_609,Amber Alexander,50,Female,Ahmedabad,No
CUST_610,Carl Anderson,32,Other,Ahmedabad,No
CUST_611,April Vaughn,46,Female,Hyderabad,Yes
CUST_612,William Bridges,51,Other,Hyderabad,No
CUST_613,Elizabeth Ford MD,29,Other,Lucknow,Yes
CUST_614,Terri Wilson,18,Male,Chennai,Yes
CUST_615,Jenna Hunter MD,59,Female,Jaipur,No
CUST_616,Amanda Willis,28,Male,Chennai,No
CUST_617,Samuel Gonzales,64,Other,Delhi,No
CUST_618,Jennifer Washington,22,Male,Delhi,No
CUST_619,John Mathews,49,Female,Mumbai,No
CUST_620,Michelle Taylor,20,Male,Mumbai,No
CUST_621,David Robinson,45,Female,Jaipur,No
CUST_622,Anthony Moore,50,Other,Bangalore,No
CUST_623,Elizabeth Cunningham,26,Other,Kolkata,No
CUST_624,Kenneth Moran,41,Other,Bangalore,Yes
CUST_625,Thomas Roberts,53,Female,Chennai,Yes
CUST_626,Brittany Mann,58,Other,Chennai,No
CUST_627,Nicholas Scott,58,Female,Mumbai,Yes
CUST_628,Robert Smith,54,Other,Pune,Yes
CUST_629,Carlos Watson,51,Male,Chennai,No
CUST_630,Jennifer Powell,42,Other,Mumbai,Yes
CUST_631,Audrey Wright,34,Female,Lucknow,No
CUST_632,Carly Flores,20,Male,Lucknow,No
CUST_633,Dr. Johnny Boyle MD,68,Female,Hyderabad,Yes
CUST_634,Brenda Guzman,61,Other,Hyderabad,Yes
CUST_635,Kevin Singleton,40,Other,Hyderabad,Yes
CUST_636,Cynthia Mcbride,48,Male,Ahmedabad,Yes
CUST_637,Thomas Kelley,57,Male,Chennai,No
CUST_638,Deborah Armstrong,51,Female,Mumbai,Yes
CUST_639,Peter Preston,40,Male,Jaipur,Yes
CUST_640,Ashley Ross,33,Female,Kolkata,Yes
CUST_641,Kevin Gibson,29,Other,Jaipur,Yes
CUST_642,Tanya Moore,56,Other,Chennai,No
CUST_643,Jacob Abbott,35,Male,Jaipur,Yes
CUST_644,Matthew Carroll,30,Female,Jaipur,Yes
CUST_645,Patrick Cook,37,Other,Ahmedabad,No
CUST_646,Frederick Jones,27,Female,Mumbai,No
CUST_647,Jessica Garcia,69,Female,Hyderabad,Yes
CUST_648,Karen Combs,20,Male,Lucknow,No
CUST_649,Benjamin Howard,70,Other,Mumbai,Yes
CUST_650,Sheila Campbell,46,Other,Pune,No
CUST_651,Christina Chapman,46,Female,Kolkata,Yes
CUST_652,Samuel Hall,20,Female,Hyderabad,No
CUST_653,Maureen Jennings,48,Other,Pune,Yes
CUST_654,Kyle Brown,59,Male,Pune,No
CUST_655,Linda Reese DVM,31,Male,Pune,Yes
CUST_656,Brian Kim,35,Male,Chennai,No
CUST_657,Kevin Potts,35,Male,Kolkata,Yes
CUST_658,Tina Martinez,45,Other,Hyderabad,Yes
CUST_659,Anna Pierce,57,Female,Pune,No
CUST_660,Brian Johnson,63,Male,Chennai,Yes
CUST_661,Eileen Smith,62,Female,Hyderabad,No
CUST_662,Dr. David Martinez,37,Other,Kolkata,Yes
CUST_663,Jessica Gregory,46,Other,Bangalore,No
CUST_664,Derrick Morgan,61,Female,Ahmedabad,No
CUST_665,Matthew Mcgee MD,30,Male,Pune,Yes
CUST_666,Christina Boyd,34,Female,Mumbai,Yes
CUST_667,Jimmy Alexander,49,Other,Chennai,Yes
CUST_668,Christopher Smith,56,Female,Chennai,Yes
CUST_669,Joseph Sanchez,64,Male,Mumbai,Yes
CUST_670,Robert Tyler,38,Female,Jaipur,Yes
CUST_671,Tammy Johnson,61,Female,Lucknow,No
CUST_672,Alexandra Gutierrez,26,Female,Jaipur,Yes
CUST_673,Kimberly Harmon,58,Other,Ahmedabad,No
CUST_674,Paige Zhang,48,Female,Kolkata,No
CUST_675,Neil Henderson,18,Male,Hyderabad,No
CUST_676,Samantha Walker,48,Male,Chennai,No
CUST_677,Tamara Mann,25,Male,Ahmedabad,No
CUST_678,Sharon Berg,60,Male,Bangalore,Yes
CUST_679,Aaron Riley,44,Female,Pune,No
CUST_680,Peter Ross,29,Other,Hyderabad,No
CUST_681,Scott Robinson,48,Female,Pune,Yes
CUST_682,Wayne Robertson,47,Female,Chennai,No
CUST_683,Thomas Wilkinson,61,Female,Mumbai,Yes
CUST_684,Michelle Sims,67,Female,Lucknow,Yes
CUST_685,Kristine Hopkins,56,Female,Kolkata,No
CUST_686,John Phillips,39,Male,Pune,No
CUST_687,Nicole Floyd,58,Male,Bangalore,Yes
CUST_688,David Martin,55,Female,Ahmedabad,Yes
CUST_689,Douglas Weaver,39,Female,Chennai,No
CUST_690,Jeffrey Wilson,43,Female,Jaipur,Yes
CUST_691,Erin Fuentes,57,Other,Mumbai,Yes
CUST_692,Curtis Vega,53,Other,Ahmedabad,No
CUST_693,Dr. Paul Campbell DVM,67,Other,Lucknow,Yes
CUST_694,Harold Garcia,46,Male,Chennai,Yes
CUST_695,Danielle Day,50,Other,Kolkata,Yes
CUST_696,Brandi Adams,51,Female,Delhi,No
CUST_697,Rachael Galloway,67,Other,Jaipur,Yes
CUST_698,Catherine Le,35,Other,Chennai,Yes
CUST_699,Jeffrey Kelley,19,Male,Lucknow,No
CUST_700,Mark Strickland,63,Male,Jaipur,No
CUST_701,Dylan Jordan,37,Female,Bangalore,No
CUST_702,Miranda Haley,21,Male,Lucknow,No
CUST_703,Kevin Tate,70,Other,Mumbai,No
CUST_704,Omar Mejia,62,Female,Jaipur,No
CUST_705,Rebecca Watts,62,Other,Lucknow,Yes
CUST_706,Diana Mercer,52,Other,Ahmedabad,No
CUST_707,Victoria Costa,30,Female,Bangalore,No
CUST_708,Joshua Williams,28,Female,Ahmedabad,No
CUST_709,Amber Moran,24,Male,Kolkata,No
CUST_710,Ryan Cervantes,53,Female,Hyderabad,No
CUST_711,Deanna Wilson,68,Other,Delhi,No
CUST_712,Wendy Mclaughlin,44,Male,Pune,Yes
CUST_713,Andrew Anderson,22,Other,Ahmedabad,Yes
CUST_714,Lisa Hanson,42,Female,Delhi,Yes
CUST_715,Rita Thomas,65,Other,Ahmedabad,Yes
CUST_716,Kathleen Mercer,22,Female,Mumbai,Yes
CUST_717,Kelsey Smith,22,Other,Delhi,No
CUST_718,Elijah Harris,45,Female,Delhi,No
CUST_719,Steven Ortega,28,Female,Pune,No
CUST_720,Timothy Cisneros,48,Female,Bangalore,Yes
CUST_721,Andrea Campbell,50,Male,Bangalore,No
CUST_722,Michael Lewis,47,Other,Bangalore,Yes
CUST_723,Cindy Barker,34,Female,Pune,No
CUST_724,Ricky Richardson,46,Male,Ahmedabad,Yes
CUST_725,Kirk Jones,43,Female,Delhi,No
CUST_726,Emily Steele,51,Other,Lucknow,No
CUST_727,Justin Chavez,47,Other,Bangalore,No
CUST_728,Jennifer Meadows,47,Other,Kolkata,Yes
CUST_729,Brandon Lopez,30,Female,Bangalore,Yes
CUST_730,Nancy Mosley,19,Other,Hyderabad,No
CUST_731,Robert Jimenez,66,Male,Hyderabad,No
CUST_732,James Spencer,33,Female,Kolkata,No
CUST_733,Jennifer Brown,26,Female,Ahmedabad,Yes
CUST_734,April Novak,22,Female,Kolkata,Yes
CUST_735,Joseph Bates,29,Male,Jaipur,Yes
CUST_736,Joshua Martin,70,Other,Kolkata,Yes
CUST_737,Krista Carrillo,46,Male,Lucknow,Yes
CUST_738,Pamela Webb,46,Male,Pune,No
CUST_739,Mark Lucero,48,Other,Pune,Yes
CUST_740,Sandra Rocha MD,70,Male,Hyderabad,Yes
CUST_741,Stephanie Bell,68,Female,Chennai,No
CUST_742,Jenna Gibson,33,Other,Hyderabad,Yes
CUST_743,Randall Jenkins,43,Female,Bangalore,No
CUST_744,Christina Khan,38,Male,Hyderabad,No
CUST_745,Carrie Bennett,33,Male,Bangalore,Yes
CUST_746,Stacey Perry,20,Male,Bangalore,No
CUST_747,Wanda Johns,37,Other,Pune,No
CUST_748,Mark Vance,38,Other,Delhi,No
CUST_749,Megan Buck,55,Other,Lucknow,No
CUST_750,Teresa Thomas,54,Female,Ahmedabad,Yes
CUST_751,Jason Perez,32,Male,Ahmedabad,Yes
CUST_752,James Lopez,41,Female,Jaipur,Yes
CUST_753,Martha Lester,41,Other,Hyderabad,Yes
CUST_754,Toni Jackson,20,Male,Chennai,Yes
CUST_755,Lisa Montes,39,Female,Kolkata,No
CUST_756,Tracy Franklin,69,Male,Pune,No
CUST_757,Timothy Young,57,Other,Jaipur,Yes
CUST_758,Rodney Wong,45,Other,Pune,Yes
CUST_759,Vanessa Oliver,44,Other,Chennai,No
CUST_760,Teresa Wagner,64,Female,Lucknow,Yes
CUST_761,Dawn Hernandez,19,Other,Pune,Yes
CUST_762,Brandon Barber,66,Male,Pune,No
CUST_763,Jamie Johnson,66,Male,Lucknow,Yes
CUST_764,Angela Barr,58,Male,Pune,Yes
CUST_765,Christy Aguilar,35,Male,Lucknow,No
CUST_766,Anthony Chavez,27,Other,Lucknow,Yes
CUST_767,Kathryn Murray DDS,66,Male,Delhi,Yes
CUST_768,Kylie Luna,35,Female,Chennai,Yes
CUST_769,Andrea Grant,59,Other,Kolkata,Yes
CUST_770,Erin Bray,45,Other,Ahmedabad,Yes
CUST_771,Madeline Lewis,21,Other,Lucknow,Yes
CUST_772,Zachary Graham DVM,50,Female,Bangalore,Yes
CUST_773,Julia Jones,24,Male,Mumbai,Yes
CUST_774,Kevin Summers,50,Male,Lucknow,Yes
CUST_775,Jessica Moore,55,Other,Mumbai,Yes
CUST_776,Kayla Sparks,41,Male,Kolkata,No
CUST_777,Zachary Carlson,37,Female,Pune,Yes
CUST_778,Jessica Andrews,45,Other,Mumbai,No
CUST_779,Corey Romero,50,Male,Hyderabad,Yes
CUST_780,Mr. Nathaniel Farmer,37,Other,Mumbai,Yes
CUST_781,Donna Cohen,38,Other,Chennai,No
CUST_782,Gregory Ross,51,Male,Delhi,Yes
CUST_783,Brandon Barnes,25,Female,Hyderabad,Yes
CUST_784,Daniel Smith,44,Male,Kolkata,No
CUST_785,Brandi Oneill,34,Male,Bangalore,Yes
CUST_786,Kimberly Morgan,65,Male,Delhi,No
CUST_787,Alicia Robinson,35,Other,Kolkata,Yes
CUST_788,Timothy Pope,54,Male,Ahmedabad,Yes
CUST_789,Kelsey Nolan,56,Female,Lucknow,Yes
CUST_790,Jason Gutierrez,56,Male,Hyderabad,No
CUST_791,Gavin Hess,36,Male,Ahmedabad,No
CUST_792,Joshua Roman MD,38,Other,Lucknow,Yes
CUST_793,Troy Hansen,19,Female,Lucknow,No
CUST_794,Jennifer Horton,52,Other,Hyderabad,No
CUST_795,Jennifer Baker,19,Other,Mumbai,Yes
CUST_796,Kathleen Miller,44,Other,Mumbai,Yes
CUST_797,Douglas Daniels,66,Male,Kolkata,Yes
CUST_798,Collin Clark,65,Female,Mumbai,No
CUST_799,Scott Miller,36,Male,Lucknow,No
CUST_800,Nathan Moore,41,Other,Hyderabad,No
CUST_801,Jennifer Foster,56,Female,Hyderabad,Yes
CUST_802,Brent Frey,21,Male,Lucknow,No
CUST_803,Robert Garcia,20,Male,Kolkata,Yes
CUST_804,Steven Vargas,39,Male,Mumbai,No
CUST_805,Anthony Thomas,32,Male,Kolkata,No
CUST_806,Crystal Gonzalez,65,Male,Chennai,Yes
CUST_807,Brian Coleman,69,Female,Lucknow,No
CUST_808,Brittany Perez,20,Female,Pune,No
CUST_809,Sara Hunter,53,Other,Kolkata,No
CUST_810,Debra Buck,40,Male,Pune,Yes
CUST_811,Melissa Mccormick,28,Other,Chennai,Yes
CUST_812,Erika Drake,39,Other,Ahmedabad,No
CUST_813,Angelica Moore,24,Male,Lucknow,Yes
CUST_814,Lisa Snyder,41,Male,Lucknow,Yes
CUST_815,Louis Taylor,58,Male,Hyderabad,Yes
CUST_816,Shannon Ellis,62,Female,Pune,No
CUST_817,Erin Davis,46,Other,Mumbai,No
CUST_818,Julie Diaz,27,Male,Jaipur,No
CUST_819,Carrie Lewis,61,Other,Pune,Yes
CUST_820,Donna Beck,34,Other,Hyderabad,No
CUST_821,Larry Brennan,27,Other,Mumbai,Yes
CUST_822,David Cole,68,Other,Jaipur,Yes
CUST_823,Jeffrey Jackson,38,Other,Kolkata,No
CUST_824,Nicole Martinez,50,Male,Lucknow,Yes
CUST_825,Hunter Park,30,Female,Mumbai,Yes
CUST_826,Frederick Evans,46,Female,Hyderabad,Yes
CUST_827,Diane Boyd,27,Male,Kolkata,No
CUST_828,Robert Berg,54,Other,Chennai,No
CUST_829,Samantha Martin,31,Other,Mumbai,No
CUST_830,Jay Newton,34,Other,Ahmedabad,Yes
CUST_831,Charles Holden,69,Male,Chennai,Yes
CUST_832,Daniel Lopez,64,Other,Kolkata,Yes
CUST_833,Jennifer Valdez,35,Male,Kolkata,Yes
CUST_834,Richard Scott,65,Male,Jaipur,Yes
CUST_835,Melissa Hill,33,Other,Pune,Yes
CUST_836,Paul Dixon,49,Male,Mumbai,Yes
CUST_837,Victoria Robinson,35,Other,Kolkata,No
CUST_838,Haley Stewart,64,Other,Delhi,Yes
CUST_839,Cassandra Li,61,Male,Chennai,Yes
CUST_840,Cory Fernandez,18,Other,Lucknow,No
CUST_841,Brandy Tran,61,Female,Bangalore,No
CUST_842,Sandra Williams,38,Male,Lucknow,No
CUST_843,Brandon Johns,27,Female,Kolkata,No
CUST_844,Joshua Carter,23,Female,Chennai,Yes
CUST_845,James Todd,27,Other,Lucknow,No
CUST_846,Angela Gallagher,21,Male,Mumbai,Yes
CUST_847,Brian Moran,60,Male,Delhi,No
CUST_848,Stephen Parker III,27,Other,Chennai,Yes
CUST_849,Melissa Collins,49,Female,Delhi,Yes
CUST_850,Cindy Martin,24,Female,Jaipur,Yes
CUST_851,Sean Bell,28,Female,Mumbai,No
CUST_852,Lee Smith,65,Female,Bangalore,No
CUST_853,Joseph Mason,70,Male,Bangalore,Yes
CUST_854,Erin Thompson,42,Female,Lucknow,No
CUST_855,Joshua Schwartz,51,Male,Mumbai,Yes
CUST_856,Diana Duncan,22,Male,Bangalore,Yes
CUST_857,Darryl Holland,32,Other,Mumbai,Yes
CUST_858,Mark Holloway,44,Female,Lucknow,No
CUST_859,Ronald Porter,39,Female,Pune,No
CUST_860,Marcus Valdez,33,Male,Hyderabad,Yes
CUST_861,Jennifer Rowland,42,Other,Chennai,Yes
CUST_862,Cheyenne Turner,36,Male,Chennai,No
CUST_863,Christopher Anderson,43,Male,Bangalore,Yes
CUST_864,Jonathon Johnson,65,Female,Chennai,Yes
CUST_865,Danielle Johnson,38,Male,Jaipur,Yes
CUST_866,Mary Macias,39,Other,Lucknow,No
CUST_867,Natalie Mcclure,18,Other,Chennai,Yes
CUST_868,Kyle Young,51,Other,Delhi,No
CUST_869,Justin Schmidt,52,Male,Pune,Yes
CUST_870,Dale Curtis,39,Female,Ahmedabad,Yes
CUST_871,John Camacho,23,Male,Jaipur,No
CUST_872,April Wade,29,Female,Chennai,Yes
CUST_873,Michael Glass,21,Female,Lucknow,Yes
CUST_874,Benjamin Boyd,40,Other,Ahmedabad,Yes
CUST_875,Heather Morris,41,Female,Kolkata,Yes
CUST_876,Brandon Evans,53,Female,Lucknow,No
CUST_877,Alejandro Shelton,63,Female,Bangalore,No
CUST_878,Sean Valdez,34,Male,Kolkata,Yes
CUST_879,Erin Arnold,26,Male,Ahmedabad,Yes
CUST_880,Sarah Campbell,26,Other,Chennai,Yes
CUST_881,Michelle Warner,34,Other,Ahmedabad,Yes
CUST_882,James Gutierrez,54,Other,Mumbai,Yes
CUST_883,Jamie Golden,19,Male,Lucknow,Yes
CUST_884,Amanda Bass,59,Female,Bangalore,No
CUST_885,John Crosby,38,Male,Hyderabad,No
CUST_886,Mary Stevens,27,Male,Chennai,No
CUST_887,Nathan Sims,49,Other,Delhi,Yes
CUST_888,Amanda Ellis,24,Female,Kolkata,No
CUST_889,Tyler Hamilton,26,Other,Kolkata,Yes
CUST_890,Gregory Gordon,21,Male,Mumbai,Yes
CUST_891,Kimberly Coleman,35,Male,Hyderabad,Yes
CUST_892,William Fritz,18,Male,Delhi,Yes
CUST_893,Christopher Wood,22,Female,Pune,No
CUST_894,Christopher Jackson,37,Male,Delhi,No
CUST_895,Duane Stephens,33,Female,Ahmedabad,Yes
CUST_896,Morgan Porter,41,Female,Lucknow,Yes
CUST_897,Alexander Compton,65,Male,Ahmedabad,No
CUST_898,Christopher Gonzalez,19,Other,Bangalore,No
CUST_899,Dana Miller,21,Other,Chennai,No
CUST_900,Eric Bishop,43,Other,Ahmedabad,No
CUST_901,Matthew Morales,62,Male,Kolkata,No
CUST_902,Matthew Bryant,60,Other,Pune,No
CUST_903,April Bell,22,Male,Hyderabad,No
CUST_904,Travis Martinez,18,Female,Pune,No
CUST_905,Mr. David Walker,57,Other,Pune,No
CUST_906,Andre Johnson,28,Other,Ahmedabad,No
CUST_907,Bradley Diaz,30,Male,Lucknow,No
CUST_908,Caitlyn Turner,50,Male,Mumbai,No
CUST_909,Amanda White,25,Male,Lucknow,No
CUST_910,Evan Griffin,49,Female,Mumbai,No
CUST_911,Rachel Morris,58,Male,Bangalore,Yes
CUST_912,Tiffany Phillips,24,Male,Bangalore,No
CUST_913,Sarah Reyes,70,Male,Chennai,Yes
CUST_914,Paul Clark,26,Other,Kolkata,Yes
CUST_915,Michael Carroll,33,Other,Bangalore,Yes
CUST_916,Larry Rogers,66,Other,Delhi,No
CUST_917,Timothy Robbins,32,Male,Delhi,No
CUST_918,Lisa Reynolds,22,Female,Pune,No
CUST_919,Richard Fox,37,Other,Chennai,No
CUST_920,Deborah Thompson,55,Female,Mumbai,No
CUST_921,Tiffany Taylor MD,25,Male,Lucknow,No
CUST_922,Amy Stewart,22,Male,Delhi,No
CUST_923,Brian Parker,49,Other,Ahmedabad,Yes
CUST_924,Dawn Valenzuela,33,Other,Mumbai,Yes
CUST_925,Tina Morales,49,Male,Kolkata,No
CUST_926,Paula Vasquez MD,51,Female,Mumbai,Yes
CUST_927,James Mcgee,43,Female,Bangalore,Yes
CUST_928,Samantha Jones,43,Male,Chennai,No
CUST_929,Taylor Meyer,69,Other,Jaipur,No
CUST_930,Lisa Caldwell,63,Female,Lucknow,Yes
CUST_931,Joseph Allen,46,Male,Chennai,No
CUST_932,James Mooney,59,Other,Ahmedabad,No
CUST_933,Ashley Alexander,19,Other,Mumbai,No
CUST_934,Steven Hayden,59,Other,Ahmedabad,Yes
CUST_935,David Sullivan,22,Female,Jaipur,No
CUST_936,Joanne Taylor,58,Female,Chennai,Yes
CUST_937,Lori Moore,21,Male,Ahmedabad,No
CUST_938,April Smith,67,Other,Lucknow,No
CUST_939,Bruce Poole,28,Female,Chennai,Yes
CUST_940,Donna Huynh,46,Other,Hyderabad,No
CUST_941,Kathryn Rodriguez,42,Female,Mumbai,No
CUST_942,Charles Dean,37,Other,Pune,No
CUST_943,Victoria Holland,25,Male,Jaipur,Yes
CUST_944,Jeffrey Garcia,44,Male,Jaipur,Yes
CUST_945,Michael Nichols,65,Female,Ahmedabad,Yes
CUST_946,Bradley Thomas,36,Female,Ahmedabad,No
CUST_947,Rebecca Stephens,55,Female,Ahmedabad,No
CUST_948,Scott Guzman,41,Other,Bangalore,No
CUST_949,Joseph Freeman,33,Other,Hyderabad,Yes
CUST_950,Ashley Jenkins,58,Other,Jaipur,Yes
CUST_951,Julie Jenkins,38,Female,Ahmedabad,No
CUST_952,Nicole Erickson,36,Male,Hyderabad,No
CUST_953,Cheyenne Meyers,35,Other,Kolkata,No
CUST_954,Timothy Johnson,60,Female,Lucknow,No
CUST_955,Isaac Smith,58,Male,Ahmedabad,Yes
CUST_956,Rodney Turner,48,Female,Mumbai,No
CUST_957,Ann Wolfe,58,Other,Kolkata,No
CUST_958,Anthony Roy,31,Male,Mumbai,Yes
CUST_959,Rita Booker,49,Male,Delhi,No
CUST_960,Jonathan Shah,24,Male,Ahmedabad,Yes
CUST_961,Brandon Chen,40,Other,Bangalore,Yes
CUST_962,Billy Lewis,58,Male,Lucknow,No
CUST_963,Mr. Robert Lowe,42,Female,Bangalore,No
CUST_964,Lacey Moyer,21,Female,Kolkata,No
CUST_965,Ronald Hardy,68,Other,Bangalore,No
CUST_966,Mathew Martinez,24,Female,Ahmedabad,No
CUST_967,Jason Lee,58,Other,Kolkata,No
CUST_968,Danielle Fox,38,Male,Pune,No
CUST_969,Oscar Drake,27,Other,Chennai,Yes
CUST_970,Kevin Thomas,46,Female,Bangalore,Yes
CUST_971,Thomas Briggs,68,Male,Mumbai,Yes
CUST_972,Alex Salas,26,Male,Chennai,Yes
CUST_973,Maureen Woods,18,Female,Chennai,No
CUST_974,Sharon Ferguson,20,Female,Bangalore,No
CUST_975,Dustin Morales,39,Male,Mumbai,Yes
CUST_976,James Carter,64,Female,Jaipur,No
CUST_977,Christie Conley,44,Male,Lucknow,No
CUST_978,Adam West,46,Male,Ahmedabad,Yes
CUST_979,Gina Osborn,41,Male,Mumbai,Yes
CUST_980,Susan White,28,Male,Lucknow,No
CUST_981,Nicole Norris,42,Other,Lucknow,Yes
CUST_982,Michael Mckee,68,Male,Mumbai,No
CUST_983,Alexandra Garrett,64,Male,Pune,No
CUST_984,Eric Gibson,20,Female,Lucknow,No
CUST_985,Amber Rich,58,Male,Kolkata,No
CUST_986,John Brown,35,Other,Kolkata,Yes
CUST_987,Justin Simmons,31,Female,Chennai,No
CUST_988,Christy Hawkins,22,Male,Mumbai,Yes
CUST_989,Jessica Lawson,68,Other,Bangalore,Yes
CUST_990,Michael Wallace,52,Other,Pune,No
CUST_991,Troy Nguyen,43,Other,Mumbai,No
CUST_992,Laura Reilly,21,Female,Bangalore,Yes
CUST_993,Craig Mccoy,29,Male,Kolkata,Yes
CUST_994,Jim Potts,62,Female,Kolkata,Yes
CUST_995,Ashley Myers,56,Female,Ahmedabad,Yes
CUST_996,Steven Walker,54,Female,Mumbai,No
CUST_997,James Ali,51,Female,Kolkata,Yes
CUST_998,Michael Nelson,23,Female,Hyderabad,No
CUST_999,Patrick Myers,29,Male,Mumbai,No
CUST_1000,Jennifer Hodge,70,Male,Chennai,Yes
CUST_1001,Jeffrey Jackson,23,Other,Mumbai,No
CUST_1002,Charles Williams,47,Male,Bangalore,Yes
CUST_1003,Jennifer Osborne,53,Female,Chennai,No
CUST_1004,Leslie Gonzalez,50,Other,Hyderabad,No
CUST_1005,Jason Miller,49,Female,Bangalore,No
CUST_1006,Stephanie West,20,Male,Ahmedabad,No
CUST_1007,Joseph Torres,62,Other,Ahmedabad,No
CUST_1008,Nathan Watkins,31,Other,Jaipur,Yes
CUST_1009,Sarah Pena,25,Male,Delhi,Yes
CUST_1010,Lauren Garrett,20,Other,Kolkata,Yes
CUST_1011,Sherry Hughes,61,Other,Bangalore,Yes
CUST_1012,Michael Koch,51,Male,Kolkata,Yes
CUST_1013,Julie Cox,27,Male,Ahmedabad,No
CUST_1014,Lisa Cook,39,Male,Chennai,No
CUST_1015,Kristin Chen,68,Other,Mumbai,No
CUST_1016,Samuel Williams,59,Male,Bangalore,No
CUST_1017,Richard Lee,35,Other,Lucknow,No
CUST_1018,Anthony Gonzalez,53,Female,Pune,Yes
CUST_1019,Scott Gonzalez,35,Male,Bangalore,No
CUST_1020,Robert Roach,24,Female,Kolkata,No
CUST_1021,James Stevens,58,Female,Bangalore,No
CUST_1022,Mr. Marc Contreras II,55,Male,Hyderabad,No
CUST_1023,Amy Huffman,21,Male,Delhi,No
CUST_1024,Megan Page,60,Female,Delhi,No
CUST_1025,Carolyn Harris,57,Other,Mumbai,No
CUST_1026,Kenneth Bray,48,Other,Pune,Yes
CUST_1027,Kenneth Cross,21,Male,Lucknow,No
CUST_1028,Ann Boyle,60,Other,Kolkata,No
CUST_1029,Chad Dennis,36,Male,Lucknow,Yes
CUST_1030,Rachel White,66,Female,Hyderabad,No
CUST_1031,Donald Newman,47,Male,Bangalore,No
CUST_1032,James Rodriguez,47,Male,Kolkata,Yes
CUST_1033,Kurt Bishop,31,Female,Pune,Yes
CUST_1034,Amy Brown,33,Female,Bangalore,No
CUST_1035,Vincent Hansen DVM,43,Other,Chennai,No
CUST_1036,Amanda Sherman,69,Female,Mumbai,No
CUST_1037,David Carey,52,Female,Delhi,Yes
CUST_1038,Michael Vang,55,Other,Mumbai,No
CUST_1039,Brian Clark,38,Female,Hyderabad,Yes
CUST_1040,Deanna Ortiz,29,Other,Pune,No
CUST_1041,Lindsay Bates,56,Male,Delhi,Yes
CUST_1042,Amber Jones,70,Female,Jaipur,No
CUST_1043,Nicholas Roth,25,Male,Kolkata,Yes
CUST_1044,Paul Bradley,61,Female,Bangalore,Yes
CUST_1045,Mark Miller,43,Other,Chennai,Yes
CUST_1046,Andrea Roman,66,Male,Bangalore,Yes
CUST_1047,Deborah Woods,40,Male,Jaipur,No
CUST_1048,Leslie Garza,22,Other,Ahmedabad,No
CUST_1049,Heather Morris,68,Female,Pune,Yes
CUST_1050,Mark Brown,49,Female,Kolkata,No
CUST_1051,Paul Romero,28,Male,Chennai,No
CUST_1052,Sharon Jones,51,Other,Hyderabad,No
CUST_1053,Daniel Brown,45,Male,Ahmedabad,Yes
CUST_1054,Mark Murillo,33,Other,Chennai,Yes
CUST_1055,Derek Pineda,50,Male,Hyderabad,No
CUST_1056,Jamie Payne,50,Male,Pune,Yes
CUST_1057,Paula Middleton,40,Other,Lucknow,Yes
CUST_1058,Brittany Harris,42,Female,Jaipur,No
CUST_1059,Ryan Tanner,42,Other,Jaipur,Yes
CUST_1060,Gina Lewis,52,Male,Ahmedabad,No
CUST_1061,Selena Washington,44,Female,Hyderabad,Yes
CUST_1062,Gary Rogers,19,Male,Bangalore,Yes
CUST_1063,Kevin Wright,49,Female,Mumbai,Yes
CUST_1064,Jack Russo,62,Female,Mumbai,No
CUST_1065,Jason Perkins,48,Male,Lucknow,Yes
CUST_1066,Katie Mann,53,Male,Hyderabad,Yes
CUST_1067,Jose Li,46,Male,Chennai,Yes
CUST_1068,Dale Fleming,61,Male,Hyderabad,No
CUST_1069,Tina Phillips,36,Female,Bangalore,No
CUST_1070,Dennis Paul,70,Other,Hyderabad,Yes
CUST_1071,Robert Reid,58,Male,Pune,No
CUST_1072,Melissa Jennings,54,Female,Chennai,Yes
CUST_1073,Brett Romero,49,Female,Bangalore,Yes
CUST_1074,Monica Mayer,64,Other,Hyderabad,No
CUST_1075,Robert Carroll,64,Other,Jaipur,Yes
CUST_1076,Rebecca Nelson,27,Female,Mumbai,No
CUST_1077,Luis Hicks,29,Other,Delhi,No
CUST_1078,Katelyn Richardson,57,Other,Delhi,No
CUST_1079,Carla Hurst,22,Other,Jaipur,Yes
CUST_1080,Julie Ferguson,55,Other,Mumbai,Yes
CUST_1081,Micheal Henson,34,Male,Lucknow,Yes
CUST_1082,Christine Medina,32,Female,Bangalore,No
CUST_1083,Tyler Smith,27,Female,Chennai,No
CUST_1084,Marie Young,26,Male,Ahmedabad,No
CUST_1085,Cindy Chase,56,Female,Bangalore,No
CUST_1086,Ashley Lee,49,Male,Bangalore,No
CUST_1087,Bryce Wright,29,Male,Bangalore,Yes
CUST_1088,Tracy Goodwin,69,Female,Kolkata,Yes
CUST_1089,Jeffery Bell,27,Female,Mumbai,Yes
CUST_1090,Daniel Humphrey,43,Other,Lucknow,Yes
CUST_1091,Terry Owens,67,Male,Lucknow,No
CUST_1092,Troy Gonzalez,34,Female,Delhi,Yes
CUST_1093,Ann Osborne,63,Other,Pune,No
CUST_1094,Lisa Fitzgerald,70,Other,Delhi,No
CUST_1095,Michael Gutierrez,18,Other,Pune,Yes
CUST_1096,Kim Johnson,67,Female,Lucknow,No
CUST_1097,James Meyer,24,Male,Hyderabad,No
CUST_1098,Corey Adams,45,Other,Mumbai,No
CUST_1099,Lisa Johnson,70,Female,Kolkata,Yes
CUST_1100,John Bell,59,Other,Pune,No
CUST_1101,Joshua Fisher,65,Female,Ahmedabad,Yes
CUST_1102,Courtney Torres,61,Male,Jaipur,Yes
CUST_1103,Dr. Greg Richardson,31,Male,Mumbai,No
CUST_1104,Michelle Sullivan,27,Male,Lucknow,Yes
CUST_1105,Vanessa Robertson,55,Other,Delhi,No
CUST_1106,Miranda Brown,43,Female,Kolkata,Yes
CUST_1107,Lori Sanchez,67,Female,Hyderabad,No
CUST_1108,Mary Smith,55,Other,Jaipur,No
CUST_1109,Jonathan Griffin,68,Male,Pune,No
CUST_1110,Charles Jones,65,Female,Kolkata,No
CUST_1111,Heather Taylor,57,Other,Lucknow,Yes
CUST_1112,Adam Mills,56,Female,Pune,No
CUST_1113,Christine Duffy,43,Male,Bangalore,Yes
CUST_1114,Michael Thomas,30,Female,Chennai,No
CUST_1115,Brenda Shah,54,Other,Lucknow,No
CUST_1116,Thomas Wagner,61,Male,Chennai,Yes
CUST_1117,James Jones,46,Other,Mumbai,No
CUST_1118,Lawrence Jones,30,Other,Chennai,Yes
CUST_1119,Patricia Maddox,36,Other,Delhi,No
CUST_1120,Mary Mcmahon,27,Female,Hyderabad,Yes
CUST_1121,Dawn Gillespie,49,Female,Ahmedabad,No
CUST_1122,Robert Campbell,63,Female,Bangalore,Yes
CUST_1123,Mr. Kevin Alvarez DDS,27,Male,Bangalore,No
CUST_1124,Billy Smith,26,Other,Delhi,No
CUST_1125,Eric Martinez,30,Other,Delhi,Yes
CUST_1126,Heidi Taylor,32,Female,Ahmedabad,Yes
CUST_1127,Robert Blair,24,Female,Kolkata,Yes
CUST_1128,William Robinson,20,Other,Bangalore,No
CUST_1129,William Thomas,52,Male,Jaipur,No
CUST_1130,Daniel Morris,18,Other,Hyderabad,Yes
CUST_1131,Karen Young,28,Female,Delhi,Yes
CUST_1132,Ashlee Krueger,37,Female,Hyderabad,No
CUST_1133,Jamie Berry,23,Male,Kolkata,No
CUST_1134,Shannon Shields,64,Male,Chennai,Yes
CUST_1135,Marissa Warren MD,22,Other,Ahmedabad,Yes
CUST_1136,Amber Owens,56,Other,Delhi,No
CUST_1137,John Turner,32,Male,Kolkata,No
CUST_1138,Eric Taylor,46,Other,Delhi,No
CUST_1139,Robert Miller,34,Male,Hyderabad,Yes
CUST_1140,Jonathan Thomas MD,38,Female,Delhi,No
CUST_1141,Samantha Hahn,69,Female,Jaipur,Yes
CUST_1142,Carlos Shields,62,Other,Bangalore,Yes
CUST_1143,Angela Thornton,43,Other,Bangalore,No
CUST_1144,Devon Cook,39,Other,Mumbai,Yes
CUST_1145,Amber Nelson,50,Female,Kolkata,No
CUST_1146,Jennifer Ramirez,25,Other,Jaipur,No
CUST_1147,Sarah Ward,54,Other,Delhi,Yes
CUST_1148,Sean Branch,45,Other,Bangalore,No
CUST_1149,Kimberly Thornton,36,Other,Lucknow,Yes
CUST_1150,Vanessa Lee,24,Female,Kolkata,Yes
CUST_1151,Michael Robinson,64,Female,Kolkata,Yes
CUST_1152,Rachel Collins,30,Male,Jaipur,No
CUST_1153,James Merritt,25,Male,Pune,No
CUST_1154,Erin Smith,62,Female,Pune,Yes
CUST_1155,Sabrina Allen,45,Male,Pune,Yes
CUST_1156,Sabrina Smith,38,Female,Hyderabad,Yes
CUST_1157,Charles Baker,46,Other,Mumbai,No
CUST_1158,Mark Lopez,66,Other,Hyderabad,No
CUST_1159,Miss Leah Davis,48,Male,Bangalore,No
CUST_1160,Angela Clark,62,Female,Ahmedabad,Yes
CUST_1161,Brittany Rodriguez,44,Other,Kolkata,Yes
CUST_1162,Keith Greer,69,Male,Bangalore,Yes
CUST_1163,Kyle Henry,47,Other,Lucknow,No
CUST_1164,Michelle Cobb,18,Other,Pune,No
CUST_1165,Emily Smith,26,Other,Pune,No
CUST_1166,Jacob Henson,27,Male,Chennai,Yes
CUST_1167,Sean Fletcher,53,Female,Bangalore,Yes
CUST_1168,Donna Mendoza,22,Other,Delhi,No
CUST_1169,Jonathan Jackson,46,Other,Ahmedabad,No
CUST_1170,Amanda Williams,65,Other,Jaipur,No
CUST_1171,Caleb Herman,62,Female,Ahmedabad,No
CUST_1172,Joshua Neal,18,Male,Lucknow,Yes
CUST_1173,Regina Hanson,58,Female,Kolkata,Yes
CUST_1174,Tammy Bowman,25,Female,Kolkata,No
CUST_1175,Sarah Shelton,69,Male,Chennai,No
CUST_1176,Kathryn Keller,24,Female,Delhi,No
CUST_1177,Bradley Baker,63,Male,Jaipur,No
CUST_1178,Judith Rose,21,Male,Lucknow,No
CUST_1179,Christopher Davis,26,Female,Ahmedabad,No
CUST_1180,Joseph White,36,Female,Ahmedabad,No
CUST_1181,Monica Garrett,70,Other,Mumbai,No
CUST_1182,Elizabeth Perry,23,Female,Bangalore,No
CUST_1183,Jake Chapman,60,Male,Lucknow,No
CUST_1184,Kelly Garcia,43,Male,Pune,Yes
CUST_1185,Donna Ward,31,Other,Kolkata,No
CUST_1186,Kevin Williams,28,Other,Jaipur,Yes
CUST_1187,Christopher Davila,30,Male,Hyderabad,Yes
CUST_1188,Amy Diaz,57,Other,Pune,No
CUST_1189,Margaret Hunter,50,Male,Chennai,Yes
CUST_1190,Whitney Riddle,40,Other,Kolkata,Yes
CUST_1191,Brandon Rowe,56,Female,Ahmedabad,No
CUST_1192,Sabrina Castillo,33,Other,Kolkata,No
CUST_1193,Sheila Combs,63,Other,Lucknow,Yes
CUST_1194,Robin Atkins,27,Female,Chennai,Yes
CUST_1195,Jeremy Murray,49,Other,Pune,Yes
CUST_1196,Alicia Young,44,Female,Bangalore,No
CUST_1197,Catherine Weaver,24,Male,Ahmedabad,Yes
CUST_1198,Laura Neal,69,Female,Kolkata,Yes
CUST_1199,John Fitzgerald,58,Female,Lucknow,No
CUST_1200,Ronald Hawkins,40,Male,Lucknow,No
